sub_id,query_id,dataset,op_count_filter,op_count_join,op_count_traversal,op_count_aggregate,op_count_map,ast_depth,has_traversal,max_hops,input_cardinality_log,output_cardinality_log,selectivity,avg_degree,max_degree,degree_skew,num_projected_columns,has_index,join_fanout,estimated_shuffle_bytes_log,estimated_traversal_ops,hist_avg_runtime_ms,hist_runtime_variance,num_tables_joined,sql_median_ms,sql_std_ms,graph_median_ms,graph_std_ms,speedup,label,label_source,sql_status,graph_status,sql_failures,graph_failures,fallback_applied,fallback_reason,semantic_penalty
sub_0_r0,q_snb_real_0001,snb_real_queries,0.0,0.0,1.0,0.0,0.0,1.0,1.0,2.0,3.1872386932373047,0.3010300099849701,0.0010000000474974513,23.58257484436035,391.0,1.3573168516159058,1.0,0.0,1.0,0.9542425274848938,556.1378173828125,-1.0,-1.0,1.0,868.51,0.0,318.53,0.0,2.727,GRAPH,real_measurement,ok,ok,0,0,0,none,0
sub_1_r0,q_snb_real_0001,snb_real_queries,0.0,0.0,0.0,1.0,0.0,1.0,0.0,0.0,3.8555190563201904,3.8555190563201904,1.0,0.0,0.0,0.0,2.0,0.0,1.0,5.059582233428955,0.0,-1.0,-1.0,1.0,787.6,0.0,2362.8,0.0,0.333,SQL,real_measurement,ok,not_applicable_penalized,0,0,0,none,0
sub_0_r0,q_snb_real_0002,snb_real_queries,0.0,0.0,1.0,0.0,0.0,1.0,1.0,2.0,3.1872386932373047,0.3010300099849701,0.0010000000474974513,23.58257484436035,391.0,1.3573168516159058,1.0,0.0,1.0,0.9542425274848938,556.1378173828125,-1.0,-1.0,1.0,503.96,0.0,242.74,0.0,2.076,GRAPH,real_measurement,ok,ok,0,0,0,none,0
sub_1_r0,q_snb_real_0002,snb_real_queries,0.0,0.0,0.0,1.0,0.0,1.0,0.0,0.0,3.8555190563201904,3.8555190563201904,1.0,0.0,0.0,0.0,2.0,0.0,1.0,5.059582233428955,0.0,-1.0,-1.0,1.0,459.92,0.0,1379.76,0.0,0.333,SQL,real_measurement,ok,not_applicable_penalized,0,0,0,none,0
sub_0_r0,q_snb_real_0003,snb_real_queries,0.0,0.0,1.0,0.0,0.0,1.0,1.0,3.0,3.1872386932373047,0.3010300099849701,0.0010000000474974513,23.58257484436035,391.0,1.3573168516159058,1.0,0.0,1.0,0.9542425274848938,13115.162109375,-1.0,-1.0,1.0,248.35,0.0,163.09,0.0,1.523,GRAPH,real_measurement,ok,ok,0,0,0,none,0
sub_1_r0,q_snb_real_0003,snb_real_queries,0.0,0.0,0.0,1.0,0.0,1.0,0.0,0.0,3.8555190563201904,3.8555190563201904,1.0,0.0,0.0,0.0,2.0,0.0,1.0,5.059582233428955,0.0,-1.0,-1.0,1.0,361.6,0.0,1084.8,0.0,0.333,SQL,real_measurement,ok,not_applicable_penalized,0,0,0,none,0
sub_0_r0,q_snb_real_0004,snb_real_queries,0.0,0.0,1.0,0.0,0.0,1.0,1.0,3.0,3.1872386932373047,0.3010300099849701,0.0010000000474974513,23.58257484436035,391.0,1.3573168516159058,1.0,0.0,1.0,0.9542425274848938,13115.162109375,-1.0,-1.0,1.0,279.17,0.0,124.59,0.0,2.241,GRAPH,real_measurement,ok,ok,0,0,0,none,0
sub_1_r0,q_snb_real_0004,snb_real_queries,0.0,0.0,0.0,1.0,0.0,1.0,0.0,0.0,3.8555190563201904,3.8555190563201904,1.0,0.0,0.0,0.0,2.0,0.0,1.0,5.059582233428955,0.0,-1.0,-1.0,1.0,394.86,0.0,1184.58,0.0,0.333,SQL,real_measurement,ok,not_applicable_penalized,0,0,0,none,0
sub_0_r0,q_snb_real_0009,snb_real_queries,0.0,0.0,1.0,0.0,0.0,1.0,1.0,2.0,3.1872386932373047,0.3010300099849701,0.0010000000474974513,23.58257484436035,391.0,1.3573168516159058,1.0,0.0,1.0,0.9542425274848938,556.1378173828125,-1.0,-1.0,1.0,185.82,0.0,97.88,0.0,1.898,GRAPH,real_measurement,ok,ok,0,0,0,none,0
sub_1_r0,q_snb_real_0009,snb_real_queries,0.0,0.0,0.0,1.0,0.0,1.0,0.0,0.0,3.8555190563201904,3.8555190563201904,1.0,0.0,0.0,0.0,2.0,0.0,1.0,5.059582233428955,0.0,-1.0,-1.0,1.0,223.66,0.0,670.98,0.0,0.333,SQL,real_measurement,ok,not_applicable_penalized,0,0,0,none,0
sub_0_r0,q_snb_real_0010,snb_real_queries,0.0,0.0,1.0,0.0,0.0,1.0,1.0,2.0,3.1872386932373047,0.3010300099849701,0.0010000000474974513,23.58257484436035,391.0,1.3573168516159058,1.0,0.0,1.0,0.9542425274848938,556.1378173828125,-1.0,-1.0,1.0,274.73,0.0,106.67,0.0,2.576,GRAPH,real_measurement,ok,ok,0,0,0,none,0
sub_1_r0,q_snb_real_0010,snb_real_queries,0.0,0.0,0.0,1.0,0.0,1.0,0.0,0.0,3.8555190563201904,3.8555190563201904,1.0,0.0,0.0,0.0,2.0,0.0,1.0,5.059582233428955,0.0,-1.0,-1.0,1.0,295.41,0.0,886.23,0.0,0.333,SQL,real_measurement,ok,not_applicable_penalized,0,0,0,none,0
sub_0_r0,q_snb_real_0011,snb_real_queries,0.0,0.0,1.0,0.0,0.0,1.0,1.0,3.0,3.1872386932373047,0.3010300099849701,0.0010000000474974513,23.58257484436035,391.0,1.3573168516159058,1.0,0.0,1.0,0.9542425274848938,13115.162109375,-1.0,-1.0,1.0,257.41,0.0,120.68,0.0,2.133,GRAPH,real_measurement,ok,ok,0,0,0,none,0
sub_1_r0,q_snb_real_0011,snb_real_queries,0.0,0.0,0.0,1.0,0.0,1.0,0.0,0.0,3.8555190563201904,3.8555190563201904,1.0,0.0,0.0,0.0,2.0,0.0,1.0,5.059582233428955,0.0,-1.0,-1.0,1.0,205.04,0.0,615.12,0.0,0.333,SQL,real_measurement,ok,not_applicable_penalized,0,0,0,none,0
sub_0_r0,q_snb_real_0012,snb_real_queries,0.0,0.0,1.0,0.0,0.0,1.0,1.0,3.0,3.1872386932373047,0.3010300099849701,0.0010000000474974513,23.58257484436035,391.0,1.3573168516159058,1.0,0.0,1.0,0.9542425274848938,13115.162109375,-1.0,-1.0,1.0,257.13,0.0,98.12,0.0,2.621,GRAPH,real_measurement,ok,ok,0,0,0,none,0
sub_1_r0,q_snb_real_0012,snb_real_queries,0.0,0.0,0.0,1.0,0.0,1.0,0.0,0.0,3.8555190563201904,3.8555190563201904,1.0,0.0,0.0,0.0,2.0,0.0,1.0,5.059582233428955,0.0,-1.0,-1.0,1.0,309.9,0.0,929.7,0.0,0.333,SQL,real_measurement,ok,not_applicable_penalized,0,0,0,none,0
sub_0_r0,q_snb_real_0017,snb_real_queries,0.0,0.0,1.0,0.0,0.0,1.0,1.0,2.0,3.1872386932373047,0.3010300099849701,0.0010000000474974513,23.58257484436035,391.0,1.3573168516159058,1.0,0.0,1.0,0.9542425274848938,556.1378173828125,-1.0,-1.0,1.0,1660.96,0.0,256.72,0.0,6.47,GRAPH,real_measurement,ok,ok,0,0,0,none,0
sub_1_r0,q_snb_real_0017,snb_real_queries,0.0,0.0,0.0,1.0,0.0,1.0,0.0,0.0,3.8555190563201904,3.8555190563201904,1.0,0.0,0.0,0.0,2.0,0.0,1.0,5.059582233428955,0.0,-1.0,-1.0,1.0,2165.38,0.0,6496.14,0.0,0.333,SQL,real_measurement,ok,not_applicable_penalized,0,0,0,none,0
sub_0_r0,q_snb_real_0018,snb_real_queries,0.0,0.0,1.0,0.0,0.0,1.0,1.0,2.0,3.1872386932373047,0.3010300099849701,0.0010000000474974513,23.58257484436035,391.0,1.3573168516159058,1.0,0.0,1.0,0.9542425274848938,556.1378173828125,-1.0,-1.0,1.0,3902.16,0.0,373.31,0.0,10.453,GRAPH,real_measurement,ok,ok,0,0,0,none,0
sub_1_r0,q_snb_real_0018,snb_real_queries,0.0,0.0,0.0,1.0,0.0,1.0,0.0,0.0,3.8555190563201904,3.8555190563201904,1.0,0.0,0.0,0.0,2.0,0.0,1.0,5.059582233428955,0.0,-1.0,-1.0,1.0,3942.63,0.0,11827.89,0.0,0.333,SQL,real_measurement,ok,not_applicable_penalized,0,0,0,none,0
sub_0_r0,q_snb_real_0019,snb_real_queries,0.0,0.0,1.0,0.0,0.0,1.0,1.0,3.0,3.1872386932373047,0.3010300099849701,0.0010000000474974513,23.58257484436035,391.0,1.3573168516159058,1.0,0.0,1.0,0.9542425274848938,13115.162109375,-1.0,-1.0,1.0,3365.92,0.0,135.89,0.0,24.769,GRAPH,real_measurement,ok,ok,0,0,0,none,0
sub_1_r0,q_snb_real_0019,snb_real_queries,0.0,0.0,0.0,1.0,0.0,1.0,0.0,0.0,3.8555190563201904,3.8555190563201904,1.0,0.0,0.0,0.0,2.0,0.0,1.0,5.059582233428955,0.0,-1.0,-1.0,1.0,4032.33,0.0,12096.99,0.0,0.333,SQL,real_measurement,ok,not_applicable_penalized,0,0,0,none,0
sub_0_r0,q_snb_real_0020,snb_real_queries,0.0,0.0,1.0,0.0,0.0,1.0,1.0,3.0,3.1872386932373047,0.3010300099849701,0.0010000000474974513,23.58257484436035,391.0,1.3573168516159058,1.0,0.0,1.0,0.9542425274848938,13115.162109375,-1.0,-1.0,1.0,8522.7,0.0,149.36,0.0,57.061,GRAPH,real_measurement,ok,ok,0,0,0,none,0
sub_1_r0,q_snb_real_0020,snb_real_queries,0.0,0.0,0.0,1.0,0.0,1.0,0.0,0.0,3.8555190563201904,3.8555190563201904,1.0,0.0,0.0,0.0,2.0,0.0,1.0,5.059582233428955,0.0,-1.0,-1.0,1.0,12397.3,0.0,37191.9,0.0,0.333,SQL,real_measurement,ok,not_applicable_penalized,0,0,0,none,0
sub_0_r0,q_snb_real_0025,snb_real_queries,0.0,0.0,1.0,0.0,0.0,1.0,1.0,2.0,3.1872386932373047,0.3010300099849701,0.0010000000474974513,23.58257484436035,391.0,1.3573168516159058,1.0,0.0,1.0,0.9542425274848938,556.1378173828125,-1.0,-1.0,1.0,225.61,0.0,146.38,0.0,1.541,GRAPH,real_measurement,ok,ok,0,0,0,none,0
sub_1_r0,q_snb_real_0025,snb_real_queries,0.0,0.0,0.0,1.0,0.0,1.0,0.0,0.0,3.8555190563201904,3.8555190563201904,1.0,0.0,0.0,0.0,2.0,0.0,1.0,5.059582233428955,0.0,-1.0,-1.0,1.0,192.4,0.0,577.2,0.0,0.333,SQL,real_measurement,ok,not_applicable_penalized,0,0,0,none,0
sub_0_r0,q_snb_real_0026,snb_real_queries,0.0,0.0,1.0,0.0,0.0,1.0,1.0,2.0,3.1872386932373047,0.3010300099849701,0.0010000000474974513,23.58257484436035,391.0,1.3573168516159058,1.0,0.0,1.0,0.9542425274848938,556.1378173828125,-1.0,-1.0,1.0,179.47,0.0,82.34,0.0,2.18,GRAPH,real_measurement,ok,ok,0,0,0,none,0
sub_1_r0,q_snb_real_0026,snb_real_queries,0.0,0.0,0.0,1.0,0.0,1.0,0.0,0.0,3.8555190563201904,3.8555190563201904,1.0,0.0,0.0,0.0,2.0,0.0,1.0,5.059582233428955,0.0,-1.0,-1.0,1.0,220.24,0.0,660.72,0.0,0.333,SQL,real_measurement,ok,not_applicable_penalized,0,0,0,none,0
sub_0_r0,q_snb_real_0027,snb_real_queries,0.0,0.0,1.0,0.0,0.0,1.0,1.0,3.0,3.1872386932373047,0.3010300099849701,0.0010000000474974513,23.58257484436035,391.0,1.3573168516159058,1.0,0.0,1.0,0.9542425274848938,13115.162109375,-1.0,-1.0,1.0,165.69,0.0,78.66,0.0,2.106,GRAPH,real_measurement,ok,ok,0,0,0,none,0
sub_1_r0,q_snb_real_0027,snb_real_queries,0.0,0.0,0.0,1.0,0.0,1.0,0.0,0.0,3.8555190563201904,3.8555190563201904,1.0,0.0,0.0,0.0,2.0,0.0,1.0,5.059582233428955,0.0,-1.0,-1.0,1.0,190.04,0.0,570.12,0.0,0.333,SQL,real_measurement,ok,not_applicable_penalized,0,0,0,none,0
sub_0_r0,q_snb_real_0028,snb_real_queries,0.0,0.0,1.0,0.0,0.0,1.0,1.0,3.0,3.1872386932373047,0.3010300099849701,0.0010000000474974513,23.58257484436035,391.0,1.3573168516159058,1.0,0.0,1.0,0.9542425274848938,13115.162109375,-1.0,-1.0,1.0,147.98,0.0,109.52,0.0,1.351,GRAPH,real_measurement,ok,ok,0,0,0,none,0
sub_1_r0,q_snb_real_0028,snb_real_queries,0.0,0.0,0.0,1.0,0.0,1.0,0.0,0.0,3.8555190563201904,3.8555190563201904,1.0,0.0,0.0,0.0,2.0,0.0,1.0,5.059582233428955,0.0,-1.0,-1.0,1.0,199.67,0.0,599.01,0.0,0.333,SQL,real_measurement,ok,not_applicable_penalized,0,0,0,none,0
sub_0_r0,q_snb_real_0033,snb_real_queries,0.0,0.0,1.0,0.0,0.0,1.0,1.0,2.0,3.1872386932373047,0.3010300099849701,0.0010000000474974513,23.58257484436035,391.0,1.3573168516159058,1.0,0.0,1.0,0.9542425274848938,556.1378173828125,-1.0,-1.0,1.0,148.11,0.0,55.7,0.0,2.659,GRAPH,real_measurement,ok,ok,0,0,0,none,0
sub_1_r0,q_snb_real_0033,snb_real_queries,0.0,0.0,0.0,1.0,0.0,1.0,0.0,0.0,3.8555190563201904,3.8555190563201904,1.0,0.0,0.0,0.0,2.0,0.0,1.0,5.059582233428955,0.0,-1.0,-1.0,1.0,171.88,0.0,515.64,0.0,0.333,SQL,real_measurement,ok,not_applicable_penalized,0,0,0,none,0
sub_0_r0,q_snb_real_0034,snb_real_queries,0.0,0.0,1.0,0.0,0.0,1.0,1.0,2.0,3.1872386932373047,0.3010300099849701,0.0010000000474974513,23.58257484436035,391.0,1.3573168516159058,1.0,0.0,1.0,0.9542425274848938,556.1378173828125,-1.0,-1.0,1.0,154.46,0.0,72.83,0.0,2.121,GRAPH,real_measurement,ok,ok,0,0,0,none,0
sub_1_r0,q_snb_real_0034,snb_real_queries,0.0,0.0,0.0,1.0,0.0,1.0,0.0,0.0,3.8555190563201904,3.8555190563201904,1.0,0.0,0.0,0.0,2.0,0.0,1.0,5.059582233428955,0.0,-1.0,-1.0,1.0,192.38,0.0,577.14,0.0,0.333,SQL,real_measurement,ok,not_applicable_penalized,0,0,0,none,0
sub_0_r0,q_snb_real_0035,snb_real_queries,0.0,0.0,1.0,0.0,0.0,1.0,1.0,3.0,3.1872386932373047,0.3010300099849701,0.0010000000474974513,23.58257484436035,391.0,1.3573168516159058,1.0,0.0,1.0,0.9542425274848938,13115.162109375,-1.0,-1.0,1.0,122.95,0.0,103.37,0.0,1.189,GRAPH,real_measurement,ok,ok,0,0,0,none,0
sub_1_r0,q_snb_real_0035,snb_real_queries,0.0,0.0,0.0,1.0,0.0,1.0,0.0,0.0,3.8555190563201904,3.8555190563201904,1.0,0.0,0.0,0.0,2.0,0.0,1.0,5.059582233428955,0.0,-1.0,-1.0,1.0,201.47,0.0,604.41,0.0,0.333,SQL,real_measurement,ok,not_applicable_penalized,0,0,0,none,0
sub_0_r0,q_snb_real_0036,snb_real_queries,0.0,0.0,1.0,0.0,0.0,1.0,1.0,3.0,3.1872386932373047,0.3010300099849701,0.0010000000474974513,23.58257484436035,391.0,1.3573168516159058,1.0,0.0,1.0,0.9542425274848938,13115.162109375,-1.0,-1.0,1.0,198.93,0.0,62.49,0.0,3.183,GRAPH,real_measurement,ok,ok,0,0,0,none,0
sub_1_r0,q_snb_real_0036,snb_real_queries,0.0,0.0,0.0,1.0,0.0,1.0,0.0,0.0,3.8555190563201904,3.8555190563201904,1.0,0.0,0.0,0.0,2.0,0.0,1.0,5.059582233428955,0.0,-1.0,-1.0,1.0,222.2,0.0,666.6,0.0,0.333,SQL,real_measurement,ok,not_applicable_penalized,0,0,0,none,0
