sub_id,query_id,dataset,op_count_filter,op_count_join,op_count_traversal,op_count_aggregate,op_count_map,ast_depth,has_traversal,max_hops,input_cardinality_log,output_cardinality_log,selectivity,avg_degree,max_degree,degree_skew,num_projected_columns,has_index,join_fanout,estimated_shuffle_bytes_log,estimated_traversal_ops,hist_avg_runtime_ms,hist_runtime_variance,num_tables_joined,sql_median_ms,sql_std_ms,graph_median_ms,graph_std_ms,speedup,label,label_source,sql_status,graph_status,sql_failures,graph_failures,fallback_applied,fallback_reason,semantic_penalty,source_row_id
sub_0_r0,q_ogb_real_0005,ogb_real_queries,0.0,0.0,1.0,0.0,0.0,1.0,1.0,5.0,5.1815690994262695,2.1818435192108154,0.0010000000474974,7.677550792694092,436.0,1.1782097816467283,1.0,0.0,1.0,3.082426309585572,4028009.0,-1.0,-1.0,1.0,3302.92,0.0,336.77,0.0,9.808,GRAPH,real_measurement,ok,ok,0,0,0,none,0,0a69d31e5d2f95e5e352c2d0bee4064cf0cfa34bae51aad570b651521b985573
sub_0_r0,q_snb_real_0002,snb_real_queries,0.0,0.0,1.0,0.0,0.0,1.0,1.0,2.0,3.1872386932373047,0.3010300099849701,0.0010000000474974,23.58257484436035,391.0,1.3573168516159058,1.0,0.0,1.0,0.9542425274848938,556.1378173828125,-1.0,-1.0,1.0,503.96,0.0,242.74,0.0,2.076,GRAPH,real_measurement,ok,ok,0,0,0,none,0,0ac2c31c8fa1a29e661a6936baa6444ecaf3e0b76de3c69626dcf08f6208278d
sub_0_r0,q_snb_real_0026,snb_real_queries,0.0,0.0,1.0,0.0,0.0,1.0,1.0,2.0,3.1872386932373047,0.3010300099849701,0.0010000000474974,23.58257484436035,391.0,1.3573168516159058,1.0,0.0,1.0,0.9542425274848938,556.1378173828125,-1.0,-1.0,1.0,179.47,0.0,82.34,0.0,2.18,GRAPH,real_measurement,ok,ok,0,0,0,none,0,5973fbc00d8a6822fc065ee3e9c0e09ed48cafe9f90803b18ca7be11bbc0bcd5
sub_1_r0,q_snb_real_0001,snb_real_queries,0.0,0.0,0.0,1.0,0.0,1.0,0.0,0.0,3.8555190563201904,3.8555190563201904,1.0,0.0,0.0,0.0,2.0,0.0,1.0,5.059582233428955,0.0,-1.0,-1.0,1.0,787.6,0.0,2362.8,0.0,0.333,SQL,real_measurement,ok,not_applicable_penalized,0,0,0,none,0,5a733798c2160a69b8887e28e578f1c6ed4a08dacd95c951280fe61bec827a0f
sub_0_r0,q_snb_real_0001,snb_real_queries,0.0,0.0,1.0,0.0,0.0,1.0,1.0,2.0,3.1872386932373047,0.3010300099849701,0.0010000000474974,23.58257484436035,391.0,1.3573168516159058,1.0,0.0,1.0,0.9542425274848938,556.1378173828125,-1.0,-1.0,1.0,868.51,0.0,318.53,0.0,2.727,GRAPH,real_measurement,ok,ok,0,0,0,none,0,731845bdb6f49ce277e71c217fed62ee6d4da49b3988ac35c1a71d84097c9bd9
sub_1_r0,q_snb_real_0035,snb_real_queries,0.0,0.0,0.0,1.0,0.0,1.0,0.0,0.0,3.8555190563201904,3.8555190563201904,1.0,0.0,0.0,0.0,2.0,0.0,1.0,5.059582233428955,0.0,-1.0,-1.0,1.0,201.47,0.0,604.41,0.0,0.333,SQL,real_measurement,ok,not_applicable_penalized,0,0,0,none,0,9a1fd6829c59416f2311823995a9edf2ef674fb4cf494775516eb1b4415ce88a
sub_1_r0,q_snb_real_0028,snb_real_queries,0.0,0.0,0.0,1.0,0.0,1.0,0.0,0.0,3.8555190563201904,3.8555190563201904,1.0,0.0,0.0,0.0,2.0,0.0,1.0,5.059582233428955,0.0,-1.0,-1.0,1.0,199.67,0.0,599.01,0.0,0.333,SQL,real_measurement,ok,not_applicable_penalized,0,0,0,none,0,9bf21a19033e5f4799ca7f1871caad52c4cb54321c982236f7c84c3816215714
sub_1_r0,q_ogb_real_0008,ogb_real_queries,0.0,0.0,0.0,1.0,0.0,1.0,0.0,0.0,3.8555190563201904,3.8555190563201904,1.0,0.0,0.0,0.0,2.0,0.0,1.0,5.059582233428955,0.0,-1.0,-1.0,1.0,26887.92,0.0,80663.76,0.0,0.333,SQL,real_measurement,ok,not_applicable_penalized,0,0,0,none,0,9d6a7f4a4a1981041103b305e2621ec3f973aa3629a718f276c0ffc8ba03fb0a
sub_0_r0,q_ogb_real_0008,ogb_real_queries,0.0,0.0,1.0,0.0,0.0,1.0,1.0,3.0,5.1815690994262695,2.1818435192108154,0.0010000000474974,7.677550792694092,436.0,1.1782097816467283,1.0,0.0,1.0,3.082426309585572,68335.2890625,-1.0,-1.0,1.0,15722.36,0.0,401.81,0.0,39.129,GRAPH,real_measurement,ok,ok,0,0,0,none,0,aacc201da3b1b848dcd0d4a9d2fd79a6f81fce696511f1fed7289d2a81fe5fa1
sub_1_r0,q_snb_real_0018,snb_real_queries,0.0,0.0,0.0,1.0,0.0,1.0,0.0,0.0,3.8555190563201904,3.8555190563201904,1.0,0.0,0.0,0.0,2.0,0.0,1.0,5.059582233428955,0.0,-1.0,-1.0,1.0,3942.63,0.0,11827.89,0.0,0.333,SQL,real_measurement,ok,not_applicable_penalized,0,0,0,none,0,bf708fd284fd8ab334357d7b7c325d15367c10ef4dbac5cb4ca5328eef3250d5
sub_0_r0,q_snb_real_0019,snb_real_queries,0.0,0.0,1.0,0.0,0.0,1.0,1.0,3.0,3.1872386932373047,0.3010300099849701,0.0010000000474974,23.58257484436035,391.0,1.3573168516159058,1.0,0.0,1.0,0.9542425274848938,13115.162109375,-1.0,-1.0,1.0,3365.92,0.0,135.89,0.0,24.769,GRAPH,real_measurement,ok,ok,0,0,0,none,0,bff57a2d2ad8351e47010ed97b8d6115a3f436de53a4a79eccbb30b2846f85d0
sub_0_r0,q_snb_real_0025,snb_real_queries,0.0,0.0,1.0,0.0,0.0,1.0,1.0,2.0,3.1872386932373047,0.3010300099849701,0.0010000000474974,23.58257484436035,391.0,1.3573168516159058,1.0,0.0,1.0,0.9542425274848938,556.1378173828125,-1.0,-1.0,1.0,225.61,0.0,146.38,0.0,1.541,GRAPH,real_measurement,ok,ok,0,0,0,none,0,c26be65bcc1ceabb60c0cd2598a275b811d48e4c1b94d4ac78cef68a99a66062
sub_1_r0,q_snb_real_0026,snb_real_queries,0.0,0.0,0.0,1.0,0.0,1.0,0.0,0.0,3.8555190563201904,3.8555190563201904,1.0,0.0,0.0,0.0,2.0,0.0,1.0,5.059582233428955,0.0,-1.0,-1.0,1.0,220.24,0.0,660.72,0.0,0.333,SQL,real_measurement,ok,not_applicable_penalized,0,0,0,none,0,caf655e96b8583a88f3a5b8ef629ba7e133ecd3b18ebacff2f4f23fcee1436a2
sub_0_r0,q_snb_real_0033,snb_real_queries,0.0,0.0,1.0,0.0,0.0,1.0,1.0,2.0,3.1872386932373047,0.3010300099849701,0.0010000000474974,23.58257484436035,391.0,1.3573168516159058,1.0,0.0,1.0,0.9542425274848938,556.1378173828125,-1.0,-1.0,1.0,148.11,0.0,55.7,0.0,2.659,GRAPH,real_measurement,ok,ok,0,0,0,none,0,e458682ca2e0d3bf39b04092fbfcf5b6d664356dfe0b764e331f6d9d03b148e1
sub_1_r0,q_ogb_real_0056,ogb_real_queries,0.0,0.0,0.0,1.0,0.0,1.0,0.0,0.0,3.8555190563201904,3.8555190563201904,1.0,0.0,0.0,0.0,2.0,0.0,1.0,5.059582233428955,0.0,-1.0,-1.0,1.0,19432.43,0.0,58297.29,0.0,0.333,SQL,real_measurement,ok,not_applicable_penalized,0,0,0,none,0,e74ecbccade46f8ee9fcae5eb87196d50089bffd28e2cd61f2c437192363cdf6
sub_1_r0,q_ogb_real_0020,ogb_real_queries,0.0,0.0,0.0,1.0,0.0,1.0,0.0,0.0,3.8555190563201904,3.8555190563201904,1.0,0.0,0.0,0.0,2.0,0.0,1.0,5.059582233428955,0.0,-1.0,-1.0,1.0,24749.52,0.0,74248.56,0.0,0.333,SQL,real_measurement,ok,not_applicable_penalized,0,0,0,none,0,e9c493b1ae329c90fe69f239a0fd57ba86d8cf9ac86d8ee016a172201b55b867
sub_0_r0,q_ogb_real_0020,ogb_real_queries,0.0,0.0,1.0,0.0,0.0,1.0,1.0,3.0,5.1815690994262695,2.1818435192108154,0.0010000000474974,7.677550792694092,436.0,1.1782097816467283,1.0,0.0,1.0,3.082426309585572,68335.2890625,-1.0,-1.0,1.0,17292.13,0.0,485.95,0.0,35.584,GRAPH,real_measurement,ok,ok,0,0,0,none,0,f29372ff70bb85e15e028be81d79ae1819be4306ce7bc381d1ce0a5b604e7e9c
sub_1_r0,q_ogb_real_0005,ogb_real_queries,0.0,0.0,0.0,1.0,0.0,1.0,0.0,0.0,3.8555190563201904,3.8555190563201904,1.0,0.0,0.0,0.0,2.0,0.0,1.0,5.059582233428955,0.0,-1.0,-1.0,1.0,4567.0,0.0,13701.0,0.0,0.333,SQL,real_measurement,ok,not_applicable_penalized,0,0,0,none,0,f718ef0f8406c33b6ccf86e35019d5e5ab49a43dcf9d8b817ad2ef1f9ec6531d
